5. Kyu<br><br>suwari waza<br>ryote dori<br>kokyo ho	<a href="https://www.youtube.com/watch/?v=O7C433RP5Oc&t=109">Bodo Rödel Sensei</a><br><br><a href="https://www.youtube.com/watch/?v=gRlhNA63-Kc&t=228">Karl Ruben Sensei</a><br>
5. Kyu<br><br>tachi waza<br>ai hanmi katate dori<br>ikkyo	<a href="https://www.youtube.com/watch/?v=O7C433RP5Oc&t=2">Bodo Rödel Sensei</a><br><br><a href="https://www.youtube.com/watch/?v=NsrLLu1NYAg&t=82">Aikido Zentrum Basel</a><br><a href="https://www.youtube.com/watch/?v=7onzcFcx_hg&t=0">Christian Tissier Sensei</a><br><a href="https://www.youtube.com/watch/?v=kyoz5YAaNXM&t=0">François Pichereau Sensei</a><br><a href="https://www.youtube.com/watch/?v=gRlhNA63-Kc&t=78">Karl Ruben Sensei</a><br>
5. Kyu<br><br>tachi waza<br>ai hanmi katate dori<br>kote gaeshi	<a href="https://www.youtube.com/watch/?v=O7C433RP5Oc&t=55">Bodo Rödel Sensei</a><br><br><a href="https://www.youtube.com/watch/?v=Zzf1NNc0Two&t=202">Aikido Zentrum Basel</a><br><a href="https://www.youtube.com/watch/?v=LhDFNQzYKE8&t=0">François Pichereau Sensei</a><br><a href="https://www.youtube.com/watch/?v=LaSilceurNY&t=324">Karl Ruben Sensei</a><br>
5. Kyu<br><br>tachi waza<br>ai hanmi katate dori<br>shiho nage	<a href="https://www.youtube.com/watch/?v=O7C433RP5Oc&t=24">Bodo Rödel Sensei</a><br><br><a href="https://www.youtube.com/watch/?v=NsrLLu1NYAg&t=136">Aikido Zentrum Basel</a><br><a href="https://www.youtube.com/watch/?v=7onzcFcx_hg&t=99">Christian Tissier Sensei</a><br><a href="https://www.youtube.com/watch/?v=RVgNC05JxSQ&t=0">François Pichereau Sensei</a><br><a href="https://www.youtube.com/watch/?v=gRlhNA63-Kc&t=157">Karl Ruben Sensei</a><br>
5. Kyu<br><br>tachi waza<br>ai hanmi katate dori<br>irimi nage	<a href="https://www.youtube.com/watch/?v=O7C433RP5Oc&t=45">Bodo Rödel Sensei</a><br><br><a href="https://www.youtube.com/watch/?v=NsrLLu1NYAg&t=182">Aikido Zentrum Basel</a><br><a href="https://www.youtube.com/watch/?v=7onzcFcx_hg&t=152">Christian Tissier Sensei</a><br><a href="https://www.youtube.com/watch/?v=STMpGLm-m1Q&t=0">François Pichereau Sensei</a><br><a href="https://www.youtube.com/watch/?v=gRlhNA63-Kc&t=133">Karl Ruben Sensei</a><br>
5. Kyu<br><br>tachi waza<br>shomen uchi<br>ikkyo	<a href="https://www.youtube.com/watch/?v=O7C433RP5Oc&t=67">Bodo Rödel Sensei</a><br><br><a href="https://www.youtube.com/watch/?v=7onzcFcx_hg&t=54">Christian Tissier Sensei</a><br><a href="https://www.youtube.com/watch/?v=pWyQEmcbRYQ&t=0">François Pichereau Sensei</a><br><a href="https://www.youtube.com/watch/?v=bi8t_-kLil8&t=1924">Karl Ruben Sensei</a><br>
5. Kyu<br><br>tachi waza<br>shomen uchi<br>kote gaeshi	<a href="https://www.youtube.com/watch/?v=O7C433RP5Oc&t=97">Bodo Rödel Sensei</a><br><br><a href="https://www.youtube.com/watch/?v=3Fhyh63D4IM&t=451">Christian Tissier Sensei</a><br><a href="https://www.youtube.com/watch/?v=4ZP4PpJVjK4&t=0">François Pichereau Sensei</a><br><a href="https://www.youtube.com/watch/?v=bi8t_-kLil8&t=2197">Karl Ruben Sensei</a><br>
5. Kyu<br><br>tachi waza<br>shomen uchi<br>irimi nage	<a href="https://www.youtube.com/watch/?v=O7C433RP5Oc&t=87">Bodo Rödel Sensei</a><br><br><a href="https://www.youtube.com/watch/?v=7onzcFcx_hg&t=172">Christian Tissier Sensei</a><br><a href="https://www.youtube.com/watch/?v=Km_UCCs5nl0&t=0">François Pichereau Sensei</a><br><a href="https://www.youtube.com/watch/?v=bi8t_-kLil8&t=2171">Karl Ruben Sensei</a><br>
4. Kyu<br><br>suwari waza<br>ai hanmi katate dori<br>ikkyo	<a href="https://www.youtube.com/watch/?v=QPbWxeMZO-E&t=240">Bodo Rödel Sensei</a><br><br><a href="https://www.youtube.com/watch/?v=Zzf1NNc0Two&t=41">Aikido Zentrum Basel</a><br><a href="https://www.youtube.com/watch/?v=VSf-maxyTOM&t=0">François Pichereau Sensei</a><br><a href="https://www.youtube.com/watch/?v=11lFn4wpfsk&t=12">Karl Ruben Sensei</a><br>
4. Kyu<br><br>suwari waza<br>ai hanmi katate dori<br>irimi nage	<a href="https://www.youtube.com/watch/?v=QPbWxeMZO-E&t=257">Bodo Rödel Sensei</a><br><br><a href="https://www.youtube.com/watch/?v=g8vjhAqhVLU&t=0">François Pichereau Sensei</a><br><a href="https://www.youtube.com/watch/?v=LaSilceurNY&t=240">Karl Ruben Sensei</a><br>
4. Kyu<br><br>suwari waza<br>shomen uchi<br>ikkyo	<a href="https://www.youtube.com/watch/?v=QPbWxeMZO-E&t=266">Bodo Rödel Sensei</a><br><br><a href="https://www.youtube.com/watch/?v=3Fhyh63D4IM&t=696">Christian Tissier Sensei</a><br><a href="https://www.youtube.com/watch/?v=eXTgZMILWZw&t=0">François Pichereau Sensei</a><br><a href="https://www.youtube.com/watch/?v=u8WD-0W-pP4&t=12">Karl Ruben Sensei</a><br>
4. Kyu<br><br>suwari waza<br>shomen uchi<br>irimi nage	<a href="https://www.youtube.com/watch/?v=QPbWxeMZO-E&t=283">Bodo Rödel Sensei</a><br><br><a href="https://www.youtube.com/watch/?v=3Fhyh63D4IM&t=734">Christian Tissier Sensei</a><br><a href="https://www.youtube.com/watch/?v=zgQIIymWg_k&t=0">François Pichereau Sensei</a><br><a href="https://www.youtube.com/watch/?v=u8WD-0W-pP4&t=250">Karl Ruben Sensei</a><br>
4. Kyu<br><br>tachi waza<br>ai hanmi katate dori<br>nikyo	<a href="https://www.youtube.com/watch/?v=QPbWxeMZO-E&t=3">Bodo Rödel Sensei</a><br><br><a href="https://www.youtube.com/watch/?v=Zzf1NNc0Two&t=129">Aikido Zentrum Basel</a><br><a href="https://www.youtube.com/watch/?v=3Fhyh63D4IM&t=274">Christian Tissier Sensei</a><br><a href="https://www.youtube.com/watch/?v=hmhUozNZoYo&t=0">François Pichereau Sensei</a><br><a href="https://www.youtube.com/watch/?v=11lFn4wpfsk&t=133">Karl Ruben Sensei</a><br>
4. Kyu<br><br>tachi waza<br>ai hanmi katate dori<br>ude kime nage	<a href="https://www.youtube.com/watch/?v=QPbWxeMZO-E&t=29">Bodo Rödel Sensei</a><br><br><a href="https://www.youtube.com/watch/?v=YxSV71GUqFs&t=225">Aikido Zentrum Basel</a><br><a href="https://www.youtube.com/watch/?v=3Fhyh63D4IM&t=619">Christian Tissier Sensei</a><br><a href="https://www.youtube.com/watch/?v=kg5F_aN5_Ts&t=0">François Pichereau Sensei</a><br>
4. Kyu<br><br>tachi waza<br>gyaku hanmi katate dori<br>ikkyo	<a href="https://www.youtube.com/watch/?v=QPbWxeMZO-E&t=39">Bodo Rödel Sensei</a><br><br><a href="https://www.youtube.com/watch/?v=SyBxbkbdJWA&t=0">Aikido Zentrum Basel</a><br><a href="https://www.youtube.com/watch/?v=3Fhyh63D4IM&t=3">Christian Tissier Sensei</a><br><a href="https://www.youtube.com/watch/?v=5DR2ATA_X9Y&t=0">François Pichereau Sensei</a><br><a href="https://www.youtube.com/watch/?v=11lFn4wpfsk&t=244">Karl Ruben Sensei</a><br>
4. Kyu<br><br>tachi waza<br>gyaku hanmi katate dori<br>nikyo	<a href="https://www.youtube.com/watch/?v=QPbWxeMZO-E&t=60">Bodo Rödel Sensei</a><br><br><a href="https://www.youtube.com/watch/?v=SyBxbkbdJWA&t=43">Aikido Zentrum Basel</a><br><a href="https://www.youtube.com/watch/?v=3Fhyh63D4IM&t=207">Christian Tissier Sensei</a><br><a href="https://www.youtube.com/watch/?v=ESeQSfg1o3Q&t=0">François Pichereau Sensei</a><br><a href="https://www.youtube.com/watch/?v=11lFn4wpfsk&t=302">Karl Ruben Sensei</a><br>
4. Kyu<br><br>tachi waza<br>gyaku hanmi katate dori<br>kote gaeshi	<a href="https://www.youtube.com/watch/?v=QPbWxeMZO-E&t=100">Bodo Rödel Sensei</a><br><br><a href="https://www.youtube.com/watch/?v=SyBxbkbdJWA&t=104">Aikido Zentrum Basel</a><br><a href="https://www.youtube.com/watch/?v=3Fhyh63D4IM&t=468">Christian Tissier Sensei</a><br><a href="https://www.youtube.com/watch/?v=hRIccRuhbSA&t=0">François Pichereau Sensei</a><br><a href="https://www.youtube.com/watch/?v=11lFn4wpfsk&t=392">Karl Ruben Sensei</a><br>
4. Kyu<br><br>tachi waza<br>gyaku hanmi katate dori<br>shiho nage	<a href="https://www.youtube.com/watch/?v=QPbWxeMZO-E&t=87">Bodo Rödel Sensei</a><br><br><a href="https://www.youtube.com/watch/?v=SyBxbkbdJWA&t=150">Aikido Zentrum Basel</a><br><a href="https://www.youtube.com/watch/?v=jOCU-sgBVWo&t=0">François Pichereau Sensei</a><br><a href="https://www.youtube.com/watch/?v=11lFn4wpfsk&t=431">Karl Ruben Sensei</a><br>
4. Kyu<br><br>tachi waza<br>gyaku hanmi katate dori<br>irimi nage	<a href="https://www.youtube.com/watch/?v=QPbWxeMZO-E&t=114">Bodo Rödel Sensei</a><br><br><a href="https://www.youtube.com/watch/?v=SyBxbkbdJWA&t=128">Aikido Zentrum Basel</a><br><a href="https://www.youtube.com/watch/?v=3Fhyh63D4IM&t=512">Christian Tissier Sensei</a><br><a href="https://www.youtube.com/watch/?v=p9a-Iu_q90I&t=0">François Pichereau Sensei</a><br><a href="https://www.youtube.com/watch/?v=11lFn4wpfsk&t=366">Karl Ruben Sensei</a><br>
4. Kyu<br><br>tachi waza<br>gyaku hanmi katate dori<br>sokumen irimi nage	<a href="https://www.youtube.com/watch/?v=QPbWxeMZO-E&t=148">Bodo Rödel Sensei</a><br><br><a href="https://www.youtube.com/watch/?v=3Fhyh63D4IM&t=678">Christian Tissier Sensei</a><br><a href="https://www.youtube.com/watch/?v=OHAi98r0yf8&t=0">François Pichereau Sensei</a><br><a href="https://www.youtube.com/watch/?v=LaSilceurNY&t=604">Karl Ruben Sensei</a><br>
4. Kyu<br><br>tachi waza<br>gyaku hanmi katate dori<br>tenchi nage	<a href="https://www.youtube.com/watch/?v=QPbWxeMZO-E&t=123">Bodo Rödel Sensei</a><br><br><a href="https://www.youtube.com/watch/?v=SyBxbkbdJWA&t=225">Aikido Zentrum Basel</a><br><a href="https://www.youtube.com/watch/?v=7onzcFcx_hg&t=189">Christian Tissier Sensei</a><br><a href="https://www.youtube.com/watch/?v=HYz1EbR99l4&t=0">François Pichereau Sensei</a><br><a href="https://www.youtube.com/watch/?v=LaSilceurNY&t=492">Karl Ruben Sensei</a><br>
4. Kyu<br><br>tachi waza<br>gyaku hanmi katate dori<br>uchi kaiten nage	<a href="https://www.youtube.com/watch/?v=QPbWxeMZO-E&t=130">Bodo Rödel Sensei</a><br><br><a href="https://www.youtube.com/watch/?v=SyBxbkbdJWA&t=182">Aikido Zentrum Basel</a><br><a href="https://www.youtube.com/watch/?v=3Fhyh63D4IM&t=565">Christian Tissier Sensei</a><br><a href="https://www.youtube.com/watch/?v=fDgG4J-UA0k&t=0">François Pichereau Sensei</a><br><a href="https://www.youtube.com/watch/?v=11lFn4wpfsk&t=476">Karl Ruben Sensei</a><br>
4. Kyu<br><br>tachi waza<br>gyaku hanmi katate dori<br>ude kime nage	<a href="https://www.youtube.com/watch/?v=QPbWxeMZO-E&t=138">Bodo Rödel Sensei</a><br><br><a href="https://www.youtube.com/watch/?v=EJVxiyWvt3I&t=0">Aikido Zentrum Basel</a><br><a href="https://www.youtube.com/watch/?v=BymVlxGd6BM&t=0">François Pichereau Sensei</a><br><a href="https://www.youtube.com/watch/?v=LaSilceurNY&t=510">Karl Ruben Sensei</a><br>
4. Kyu<br><br>tachi waza<br>ryote dori<br>tenchi nage	<a href="https://www.youtube.com/watch/?v=QPbWxeMZO-E&t=204">Bodo Rödel Sensei</a><br><br><a href="https://www.youtube.com/watch/?v=EJVxiyWvt3I&t=337">Aikido Zentrum Basel</a><br><a href="https://www.youtube.com/watch/?v=3Fhyh63D4IM&t=532">Christian Tissier Sensei</a><br><a href="https://www.youtube.com/watch/?v=shSIhWoPm6c&t=0">François Pichereau Sensei</a><br><a href="https://www.youtube.com/watch/?v=11lFn4wpfsk&t=503">Karl Ruben Sensei</a><br>
4. Kyu<br><br>tachi waza<br>kata dori<br>ikkyo	<a href="https://www.youtube.com/watch/?v=QPbWxeMZO-E&t=156">Bodo Rödel Sensei</a><br><br><a href="https://www.youtube.com/watch/?v=EJVxiyWvt3I&t=367">Aikido Zentrum Basel</a><br><a href="https://www.youtube.com/watch/?v=3Fhyh63D4IM&t=62">Christian Tissier Sensei</a><br><a href="https://www.youtube.com/watch/?v=TNKal-1HahE&t=0">François Pichereau Sensei</a><br><a href="https://www.youtube.com/watch/?v=LaSilceurNY&t=990">Karl Ruben Sensei</a><br>
4. Kyu<br><br>tachi waza<br>kata dori<br>nikyo	<a href="https://www.youtube.com/watch/?v=QPbWxeMZO-E&t=179">Bodo Rödel Sensei</a><br><br><a href="https://www.youtube.com/watch/?v=EJVxiyWvt3I&t=402">Aikido Zentrum Basel</a><br><a href="https://www.youtube.com/watch/?v=3Fhyh63D4IM&t=123">Christian Tissier Sensei</a><br><a href="https://www.youtube.com/watch/?v=K9JXQkg-TTw&t=0">François Pichereau Sensei</a><br><a href="https://www.youtube.com/watch/?v=LaSilceurNY&t=1047">Karl Ruben Sensei</a><br>
4. Kyu<br><br>tachi waza<br>shomen uchi<br>nikyo	<a href="https://www.youtube.com/watch/?v=QPbWxeMZO-E&t=210">Bodo Rödel Sensei</a><br><br><a href="https://www.youtube.com/watch/?v=qbRbx-ntIC0&t=363">Christian Tissier Sensei</a><br><a href="https://www.youtube.com/watch/?v=5l5aM_Li1oo&t=0">François Pichereau Sensei</a><br><a href="https://www.youtube.com/watch/?v=bi8t_-kLil8&t=1977">Karl Ruben Sensei</a><br>
3. Kyu<br><br>suwari waza<br>gyaku hanmi katate dori<br>ikkyo	<a href="https://www.youtube.com/watch/?v=3NGQz--VK0E&t=279">Bodo Rödel Sensei</a><br><br><a href="https://www.youtube.com/watch/?v=YxSV71GUqFs&t=0">Aikido Zentrum Basel</a><br><a href="https://www.youtube.com/watch/?v=qbRbx-ntIC0&t=1047">Christian Tissier Sensei</a><br><a href="https://www.youtube.com/watch/?v=LaSilceurNY&t=9">Karl Ruben Sensei</a><br>
3. Kyu<br><br>suwari waza<br>gyaku hanmi katate dori<br>nikyo	<a href="https://www.youtube.com/watch/?v=3NGQz--VK0E&t=298">Bodo Rödel Sensei</a><br><br><a href="https://www.youtube.com/watch/?v=YxSV71GUqFs&t=36">Aikido Zentrum Basel</a><br><a href="https://www.youtube.com/watch/?v=qbRbx-ntIC0&t=1139">Christian Tissier Sensei</a><br><a href="https://www.youtube.com/watch/?v=LaSilceurNY&t=75">Karl Ruben Sensei</a><br>
3. Kyu<br><br>suwari waza<br>gyaku hanmi katate dori<br>sankyo	<a href="https://www.youtube.com/watch/?v=3NGQz--VK0E&t=320">Bodo Rödel Sensei</a><br><br><a href="https://www.youtube.com/watch/?v=YxSV71GUqFs&t=83">Aikido Zentrum Basel</a><br><a href="https://www.youtube.com/watch/?v=LaSilceurNY&t=151">Karl Ruben Sensei</a><br>
3. Kyu<br><br>suwari waza<br>gyaku hanmi katate dori<br>irmi nage	<a href="https://www.youtube.com/watch/?v=3NGQz--VK0E&t=344">Bodo Rödel Sensei</a><br><br><a href="https://www.youtube.com/watch/?v=YxSV71GUqFs&t=129">Aikido Zentrum Basel</a><br><a href="https://www.youtube.com/watch/?v=bi8t_-kLil8&t=114">Karl Ruben Sensei</a><br>
3. Kyu<br><br>suwari waza<br>kata dori<br>ikkyo	<a href="https://www.youtube.com/watch/?v=3NGQz--VK0E&t=353">Bodo Rödel Sensei</a><br><br><a href="https://www.youtube.com/watch/?v=qbRbx-ntIC0&t=1111">Christian Tissier Sensei</a><br><a href="https://www.youtube.com/watch/?v=xPXdIpq-zXc&t=0">François Pichereau Sensei</a><br><a href="https://www.youtube.com/watch/?v=bi8t_-kLil8&t=144">Karl Ruben Sensei</a><br>
3. Kyu<br><br>suwari waza<br>kata dori<br>nikyo	<a href="https://www.youtube.com/watch/?v=3NGQz--VK0E&t=370">Bodo Rödel Sensei</a><br><br><a href="https://www.youtube.com/watch/?v=Hz2J2kM5hus&t=0">François Pichereau Sensei</a><br><a href="https://www.youtube.com/watch/?v=bi8t_-kLil8&t=204">Karl Ruben Sensei</a><br>
3. Kyu<br><br>suwari waza<br>kata dori<br>sankyo	<a href="https://www.youtube.com/watch/?v=3NGQz--VK0E&t=391">Bodo Rödel Sensei</a><br><br><a href="https://www.youtube.com/watch/?v=bi8t_-kLil8&t=274">Karl Ruben Sensei</a><br>
3. Kyu<br><br>suwari waza<br>shomen uchi<br>nikyo	<a href="https://www.youtube.com/watch/?v=3NGQz--VK0E&t=413">Bodo Rödel Sensei</a><br><br><a href="https://www.youtube.com/watch/?v=qbRbx-ntIC0&t=1172">Christian Tissier Sensei</a><br><a href="https://www.youtube.com/watch/?v=J8MpnscyjtA&t=0">François Pichereau Sensei</a><br><a href="https://www.youtube.com/watch/?v=u8WD-0W-pP4&t=56">Karl Ruben Sensei</a><br>
3. Kyu<br><br>suwari waza<br>shomen uchi<br>sankyo	<a href="https://www.youtube.com/watch/?v=3NGQz--VK0E&t=434">Bodo Rödel Sensei</a><br><br><a href="https://www.youtube.com/watch/?v=bRc-UjpA0Jk&t=0">François Pichereau Sensei</a><br><a href="https://www.youtube.com/watch/?v=u8WD-0W-pP4&t=113">Karl Ruben Sensei</a><br>
3. Kyu<br><br>hanmi handachi waza<br>gyaku hanmi katate dori<br>shiho nage	<a href="https://www.youtube.com/watch/?v=3NGQz--VK0E&t=454">Bodo Rödel Sensei</a><br><br><a href="https://www.youtube.com/watch/?v=YxSV71GUqFs&t=146">Aikido Zentrum Basel</a><br><a href="https://www.youtube.com/watch/?v=qbRbx-ntIC0&t=1230">Christian Tissier Sensei</a><br><a href="https://www.youtube.com/watch/?v=aPrGOf0qDac&t=0">François Pichereau Sensei</a><br><a href="https://www.youtube.com/watch/?v=LaSilceurNY&t=274">Karl Ruben Sensei</a><br>
3. Kyu<br><br>hanmi handachi waza<br>gyaku hanmi katate dori<br>uchi kaiten nage	<a href="https://www.youtube.com/watch/?v=3NGQz--VK0E&t=469">Bodo Rödel Sensei</a><br><br><a href="https://www.youtube.com/watch/?v=qbRbx-ntIC0&t=1286">Christian Tissier Sensei</a><br><a href="https://www.youtube.com/watch/?v=pOLjrSaKR2s&t=0">François Pichereau Sensei</a><br><a href="https://www.youtube.com/watch/?v=bi8t_-kLil8&t=673">Karl Ruben Sensei</a><br>
3. Kyu<br><br>tachi waza<br>gyaku hanmi katate dori<br>sankyo	<a href="https://www.youtube.com/watch/?v=3NGQz--VK0E&t=3">Bodo Rödel Sensei</a><br><br><a href="https://www.youtube.com/watch/?v=YxSV71GUqFs&t=258">Aikido Zentrum Basel</a><br><a href="https://www.youtube.com/watch/?v=uUjkWiaf3BI&t=286">Christian Tissier Sensei</a><br><a href="https://www.youtube.com/watch/?v=bYtGQgp21gk&t=0">François Pichereau Sensei</a><br><a href="https://www.youtube.com/watch/?v=LaSilceurNY&t=406">Karl Ruben Sensei</a><br>
3. Kyu<br><br>tachi waza<br>gyaku hanmi katate dori<br>ude garami	<a href="https://www.youtube.com/watch/?v=3NGQz--VK0E&t=27">Bodo Rödel Sensei</a><br><br><a href="https://www.youtube.com/watch/?v=YxSV71GUqFs&t=258">Aikido Zentrum Basel</a><br><a href="https://www.youtube.com/watch/?v=BonMjaHqay4&t=0">François Pichereau Sensei</a><br><a href="https://www.youtube.com/watch/?v=u8WD-0W-pP4&t=669">Karl Ruben Sensei</a><br>
3. Kyu<br><br>tachi waza<br>ryote dori<br>ikkyo	<a href="https://www.youtube.com/watch/?v=3NGQz--VK0E&t=64">Bodo Rödel Sensei</a><br><br><a href="https://www.youtube.com/watch/?v=EJVxiyWvt3I&t=99">Aikido Zentrum Basel</a><br><a href="https://www.youtube.com/watch/?v=qbRbx-ntIC0&t=84">Christian Tissier Sensei</a><br><a href="https://www.youtube.com/watch/?v=W3966IKbPlE&t=0">François Pichereau Sensei</a><br><a href="https://www.youtube.com/watch/?v=LaSilceurNY&t=627">Karl Ruben Sensei</a><br>
3. Kyu<br><br>tachi waza<br>ryote dori<br>shiho nage	<a href="https://www.youtube.com/watch/?v=3NGQz--VK0E&t=83">Bodo Rödel Sensei</a><br><br><a href="https://www.youtube.com/watch/?v=EJVxiyWvt3I&t=232">Aikido Zentrum Basel</a><br><a href="https://www.youtube.com/watch/?v=K6vZ7ok8AKg&t=0">François Pichereau Sensei</a><br><a href="https://www.youtube.com/watch/?v=LaSilceurNY&t=846">Karl Ruben Sensei</a><br>
3. Kyu<br><br>tachi waza<br>ryote dori<br>irmi nage	<a href="https://www.youtube.com/watch/?v=3NGQz--VK0E&t=97">Bodo Rödel Sensei</a><br><br><a href="https://www.youtube.com/watch/?v=EJVxiyWvt3I&t=274">Aikido Zentrum Basel</a><br><a href="https://www.youtube.com/watch/?v=uUjkWiaf3BI&t=728">Christian Tissier Sensei</a><br><a href="https://www.youtube.com/watch/?v=OqZJfg7SBq0&t=0">François Pichereau Sensei</a><br><a href="https://www.youtube.com/watch/?v=LaSilceurNY&t=930">Karl Ruben Sensei</a><br>
3. Kyu<br><br>tachi waza<br>kata dori<br>sankyo	<a href="https://www.youtube.com/watch/?v=3NGQz--VK0E&t=39">Bodo Rödel Sensei</a><br><br><a href="https://www.youtube.com/watch/?v=EJVxiyWvt3I&t=445">Aikido Zentrum Basel</a><br><a href="https://www.youtube.com/watch/?v=uUjkWiaf3BI&t=372">Christian Tissier Sensei</a><br><a href="https://www.youtube.com/watch/?v=XlMJQMbfKo8&t=0">François Pichereau Sensei</a><br><a href="https://www.youtube.com/watch/?v=bi8t_-kLil8&t=905">Karl Ruben Sensei</a><br>
3. Kyu<br><br>tachi waza<br>shomen uchi<br>sankyo	<a href="https://www.youtube.com/watch/?v=3NGQz--VK0E&t=105">Bodo Rödel Sensei</a><br><br><a href="https://www.youtube.com/watch/?v=qbRbx-ntIC0&t=520">Christian Tissier Sensei</a><br><a href="https://www.youtube.com/watch/?v=UpkQJjEhHhc&t=0">François Pichereau Sensei</a><br><a href="https://www.youtube.com/watch/?v=bi8t_-kLil8&t=2044">Karl Ruben Sensei</a><br>
3. Kyu<br><br>tachi waza<br>yokomen uchi<br>kote gaeshi	<a href="https://www.youtube.com/watch/?v=3NGQz--VK0E&t=129">Bodo Rödel Sensei</a><br><br><a href="https://www.youtube.com/watch/?v=qbRbx-ntIC0&t=797">Christian Tissier Sensei</a><br><a href="https://www.youtube.com/watch/?v=nRCBMNb7Go4&t=0">François Pichereau Sensei</a><br><a href="https://www.youtube.com/watch/?v=bi8t_-kLil8&t=2312">Karl Ruben Sensei</a><br>
3. Kyu<br><br>tachi waza<br>yokomen uchi<br>shiho nage	<a href="https://www.youtube.com/watch/?v=3NGQz--VK0E&t=141">Bodo Rödel Sensei</a><br><br><a href="https://www.youtube.com/watch/?v=3Fhyh63D4IM&t=490">Christian Tissier Sensei</a><br><a href="https://www.youtube.com/watch/?v=8_zv1Uk4uXM&t=0">François Pichereau Sensei</a><br><a href="https://www.youtube.com/watch/?v=bi8t_-kLil8&t=2267">Karl Ruben Sensei</a><br>
3. Kyu<br><br>tachi waza<br>yokomen uchi<br>irmi nage	<a href="https://www.youtube.com/watch/?v=3NGQz--VK0E&t=156">Bodo Rödel Sensei</a><br><br><a href="https://www.youtube.com/watch/?v=gZvhR_ntxLs&t=0">François Pichereau Sensei</a><br><a href="https://www.youtube.com/watch/?v=bi8t_-kLil8&t=2237">Karl Ruben Sensei</a><br>
3. Kyu<br><br>tachi waza<br>yokomen uchi<br>ude kime nage	<a href="https://www.youtube.com/watch/?v=3NGQz--VK0E&t=165">Bodo Rödel Sensei</a><br><br><a href="https://www.youtube.com/watch/?v=3Fhyh63D4IM&t=658">Christian Tissier Sensei</a><br><a href="https://www.youtube.com/watch/?v=av3cy-785U0&t=0">François Pichereau Sensei</a><br>
3. Kyu<br><br>ushiro waza<br>ushiro ryote dori<br>ikkyo	<a href="https://www.youtube.com/watch/?v=3NGQz--VK0E&t=179">Bodo Rödel Sensei</a><br><br><a href="https://www.youtube.com/watch/?v=qbRbx-ntIC0&t=193">Christian Tissier Sensei</a><br><a href="https://www.youtube.com/watch/?v=IrHylGtoJJQ&t=0">François Pichereau Sensei</a><br><a href="https://www.youtube.com/watch/?v=bi8t_-kLil8&t=2351">Karl Ruben Sensei</a><br>
3. Kyu<br><br>ushiro waza<br>ushiro ryote dori<br>nikyo	<a href="https://www.youtube.com/watch/?v=3NGQz--VK0E&t=202">Bodo Rödel Sensei</a><br><br><a href="https://www.youtube.com/watch/?v=qbRbx-ntIC0&t=452">Christian Tissier Sensei</a><br><a href="https://www.youtube.com/watch/?v=t_f54SvJ5IM&t=0">François Pichereau Sensei</a><br><a href="https://www.youtube.com/watch/?v=bi8t_-kLil8&t=2426">Karl Ruben Sensei</a><br>
3. Kyu<br><br>ushiro waza<br>ushiro ryote dori<br>sankyo	<a href="https://www.youtube.com/watch/?v=3NGQz--VK0E&t=230">Bodo Rödel Sensei</a><br><br><a href="https://www.youtube.com/watch/?v=3Fhyh63D4IM&t=352">Christian Tissier Sensei</a><br><a href="https://www.youtube.com/watch/?v=Ov7c2t1MCG4&t=0">François Pichereau Sensei</a><br><a href="https://www.youtube.com/watch/?v=bi8t_-kLil8&t=2507">Karl Ruben Sensei</a><br>
3. Kyu<br><br>ushiro waza<br>ushiro ryote dori<br>kote gaeshi	<a href="https://www.youtube.com/watch/?v=3NGQz--VK0E&t=257">Bodo Rödel Sensei</a><br><br><a href="https://www.youtube.com/watch/?v=qbRbx-ntIC0&t=752">Christian Tissier Sensei</a><br><a href="https://www.youtube.com/watch/?v=iu9-_ZpEWOU&t=0">François Pichereau Sensei</a><br><a href="https://www.youtube.com/watch/?v=bi8t_-kLil8&t=2668">Karl Ruben Sensei</a><br>
3. Kyu<br><br>ushiro waza<br>ushiro ryote dori<br>kokyu nage	<a href="https://www.youtube.com/watch/?v=3NGQz--VK0E&t=270">Bodo Rödel Sensei</a><br><br><a href="https://www.youtube.com/watch/?v=19X3GZo2GgY&t=0">François Pichereau Sensei</a><br><a href="https://www.youtube.com/watch/?v=u8WD-0W-pP4&t=2184">Karl Ruben Sensei</a><br>
2. Kyu<br><br>suwari waza<br>gyaku hanmi katate dori<br>yonkyo	<a href="https://www.youtube.com/watch/?v=A8Os4buJOkQ&t=599">Bodo Rödel Sensei</a><br><br><a href="https://www.youtube.com/watch/?v=bi8t_-kLil8&t=12">Karl Ruben Sensei</a><br>
2. Kyu<br><br>suwari waza<br>shomen uchi<br>yonkyo	<a href="https://www.youtube.com/watch/?v=A8Os4buJOkQ&t=624">Bodo Rödel Sensei</a><br><br><a href="https://www.youtube.com/watch/?v=LRtp2w2-pOY&t=0">François Pichereau Sensei</a><br><a href="https://www.youtube.com/watch/?v=u8WD-0W-pP4&t=178">Karl Ruben Sensei</a><br>
2. Kyu<br><br>suwari waza<br>yokomen uchi<br>ikkyo	<a href="https://www.youtube.com/watch/?v=A8Os4buJOkQ&t=643">Bodo Rödel Sensei</a><br><br><a href="https://www.youtube.com/watch/?v=qtMIMFFdAa8&t=0">François Pichereau Sensei</a><br>
2. Kyu<br><br>suwari waza<br>yokomen uchi<br>nikyo	<a href="https://www.youtube.com/watch/?v=A8Os4buJOkQ&t=668">Bodo Rödel Sensei</a><br><br><a href="https://www.youtube.com/watch/?v=2QhwgJewf3w&t=0">François Pichereau Sensei</a><br>
2. Kyu<br><br>suwari waza<br>yokomen uchi<br>sankyo	<a href="https://www.youtube.com/watch/?v=A8Os4buJOkQ&t=699">Bodo Rödel Sensei</a><br><br><a href="https://www.youtube.com/watch/?v=WVI3ZByGh8o&t=0">François Pichereau Sensei</a><br>
2. Kyu<br><br>suwari waza<br>yokomen uchi<br>yonkyo	<a href="https://www.youtube.com/watch/?v=A8Os4buJOkQ&t=724">Bodo Rödel Sensei</a><br><br><a href="https://www.youtube.com/watch/?v=lGGI7hJjg_o&t=0">François Pichereau Sensei</a><br>
2. Kyu<br><br>suwari waza<br>yokomen uchi<br>irimi nage	<a href="https://www.youtube.com/watch/?v=A8Os4buJOkQ&t=745">Bodo Rödel Sensei</a><br><br><a href="https://www.youtube.com/watch/?v=lyyMewZhorg&t=0">François Pichereau Sensei</a><br>
2. Kyu<br><br>hanmi handachi waza<br>gyaku hanmi katate dori<br>kote gaeshi	<a href="https://www.youtube.com/watch/?v=A8Os4buJOkQ&t=761">Bodo Rödel Sensei</a><br><br><a href="https://www.youtube.com/watch/?v=gCO1popi3kU&t=0">François Pichereau Sensei</a><br><a href="https://www.youtube.com/watch/?v=bi8t_-kLil8&t=638">Karl Ruben Sensei</a><br>
2. Kyu<br><br>hanmi handachi waza<br>gyaku hanmi katate dori<br>soto kaiten nage	<a href="https://www.youtube.com/watch/?v=A8Os4buJOkQ&t=776">Bodo Rödel Sensei</a><br><br><a href="https://www.youtube.com/watch/?v=uUjkWiaf3BI&t=1002">Christian Tissier Sensei</a><br><a href="https://www.youtube.com/watch/?v=-_G-C24DgeE&t=0">François Pichereau Sensei</a><br><a href="https://www.youtube.com/watch/?v=u8WD-0W-pP4&t=310">Karl Ruben Sensei</a><br>
2. Kyu<br><br>hanmi handachi waza<br>ryote dori<br>shiho nage	<a href="https://www.youtube.com/watch/?v=A8Os4buJOkQ&t=783">Bodo Rödel Sensei</a><br><br><a href="https://www.youtube.com/watch/?v=uUjkWiaf3BI&t=965">Christian Tissier Sensei</a><br><a href="https://www.youtube.com/watch/?v=JdAFs8xrRHU&t=0">François Pichereau Sensei</a><br><a href="https://www.youtube.com/watch/?v=bi8t_-kLil8&t=728">Karl Ruben Sensei</a><br>
2. Kyu<br><br>hanmi handachi waza<br>shomen uchi<br>soto kaiten nage	<a href="https://www.youtube.com/watch/?v=A8Os4buJOkQ&t=801">Bodo Rödel Sensei</a><br><br><a href="https://www.youtube.com/watch/?v=u8WD-0W-pP4&t=622">Karl Ruben Sensei</a><br>
2. Kyu<br><br>tachi waza<br>ai hanmi katate dori<br>koshi nage	<a href="https://www.youtube.com/watch/?v=A8Os4buJOkQ&t=0">Bodo Rödel Sensei</a><br><br><a href="https://www.youtube.com/watch/?v=uUjkWiaf3BI&t=919">Christian Tissier Sensei</a><br><a href="https://www.youtube.com/watch/?v=IkG0ue8bXTo&t=0">François Pichereau Sensei</a><br>
2. Kyu<br><br>tachi waza<br>gyaku hanmi katate dori<br>yonkyo	<a href="https://www.youtube.com/watch/?v=A8Os4buJOkQ&t=8">Bodo Rödel Sensei</a><br><br><a href="https://www.youtube.com/watch/?v=YmfjwgbEG40&t=0">François Pichereau Sensei</a><br><a href="https://www.youtube.com/watch/?v=bi8t_-kLil8&t=835">Karl Ruben Sensei</a><br>
2. Kyu<br><br>tachi waza<br>gyaku hanmi katate dori<br>koshi nage	<a href="https://www.youtube.com/watch/?v=A8Os4buJOkQ&t=31">Bodo Rödel Sensei</a><br><br><a href="https://www.youtube.com/watch/?v=YbCHLQt7F9c&t=0">François Pichereau Sensei</a><br><a href="https://www.youtube.com/watch/?v=u8WD-0W-pP4&t=710">Karl Ruben Sensei</a><br>
2. Kyu<br><br>tachi waza<br>gyaku hanmi katate dori<br>kokyu nage	<a href="https://www.youtube.com/watch/?v=A8Os4buJOkQ&t=39">Bodo Rödel Sensei</a><br><br><a href="https://www.youtube.com/watch/?v=rPiRb-2qUDQ&t=0">François Pichereau Sensei</a><br><a href="https://www.youtube.com/watch/?v=bi8t_-kLil8&t=779">Karl Ruben Sensei</a><br>
2. Kyu<br><br>tachi waza<br>ryote dori<br>kote gaeshi	<a href="https://www.youtube.com/watch/?v=A8Os4buJOkQ&t=48">Bodo Rödel Sensei</a><br><br><a href="https://www.youtube.com/watch/?v=uUjkWiaf3BI&t=599">Christian Tissier Sensei</a><br><a href="https://www.youtube.com/watch/?v=8bcHCMOuU-E&t=0">François Pichereau Sensei</a><br><a href="https://www.youtube.com/watch/?v=LaSilceurNY&t=959">Karl Ruben Sensei</a><br>
2. Kyu<br><br>tachi waza<br>ryote dori<br>ude kime nage	<a href="https://www.youtube.com/watch/?v=A8Os4buJOkQ&t=58">Bodo Rödel Sensei</a><br><br><a href="https://www.youtube.com/watch/?v=EJVxiyWvt3I&t=300">Aikido Zentrum Basel</a><br><a href="https://www.youtube.com/watch/?v=izJbCcp2PfM&t=0">François Pichereau Sensei</a><br><a href="https://www.youtube.com/watch/?v=LaSilceurNY&t=890">Karl Ruben Sensei</a><br>
2. Kyu<br><br>tachi waza<br>katate ryote dori<br>ikkyo	<a href="https://www.youtube.com/watch/?v=A8Os4buJOkQ&t=66">Bodo Rödel Sensei</a><br><br><a href="https://www.youtube.com/watch/?v=qbRbx-ntIC0&t=5">Christian Tissier Sensei</a><br><a href="https://www.youtube.com/watch/?v=5puINJeVO_g&t=0">François Pichereau Sensei</a><br><a href="https://www.youtube.com/watch/?v=bi8t_-kLil8&t=1450">Karl Ruben Sensei</a><br>
2. Kyu<br><br>tachi waza<br>katate ryote dori<br>nikyo	<a href="https://www.youtube.com/watch/?v=A8Os4buJOkQ&t=96">Bodo Rödel Sensei</a><br><br><a href="https://www.youtube.com/watch/?v=qbRbx-ntIC0&t=262">Christian Tissier Sensei</a><br><a href="https://www.youtube.com/watch/?v=Ork8roqH68A&t=0">François Pichereau Sensei</a><br><a href="https://www.youtube.com/watch/?v=bi8t_-kLil8&t=1607">Karl Ruben Sensei</a><br>
2. Kyu<br><br>tachi waza<br>katate ryote dori<br>sankyo	<a href="https://www.youtube.com/watch/?v=A8Os4buJOkQ&t=124">Bodo Rödel Sensei</a><br><br><a href="https://www.youtube.com/watch/?v=6ET3YYQOBF0&t=0">François Pichereau Sensei</a><br><a href="https://www.youtube.com/watch/?v=bi8t_-kLil8&t=1607">Karl Ruben Sensei</a><br>
2. Kyu<br><br>tachi waza<br>katate ryote dori<br>yonkyo	<a href="https://www.youtube.com/watch/?v=A8Os4buJOkQ&t=155">Bodo Rödel Sensei</a><br><br><a href="https://www.youtube.com/watch/?v=m3A-YWnl3A4&t=0">François Pichereau Sensei</a><br><a href="https://www.youtube.com/watch/?v=bi8t_-kLil8&t=1698">Karl Ruben Sensei</a><br>
2. Kyu<br><br>tachi waza<br>katate ryote dori<br>kote gaeshi	<a href="https://www.youtube.com/watch/?v=A8Os4buJOkQ&t=199">Bodo Rödel Sensei</a><br><br><a href="https://www.youtube.com/watch/?v=qbRbx-ntIC0&t=774">Christian Tissier Sensei</a><br><a href="https://www.youtube.com/watch/?v=hQRDGc3Oc9A&t=0">François Pichereau Sensei</a><br><a href="https://www.youtube.com/watch/?v=bi8t_-kLil8&t=1791">Karl Ruben Sensei</a><br>
2. Kyu<br><br>tachi waza<br>katate ryote dori<br>shiho nage	<a href="https://www.youtube.com/watch/?v=A8Os4buJOkQ&t=180">Bodo Rödel Sensei</a><br><br><a href="https://www.youtube.com/watch/?v=qbRbx-ntIC0&t=816">Christian Tissier Sensei</a><br><a href="https://www.youtube.com/watch/?v=vFNRD-_YEYo&t=0">François Pichereau Sensei</a><br><a href="https://www.youtube.com/watch/?v=u8WD-0W-pP4&t=868">Karl Ruben Sensei</a><br>
2. Kyu<br><br>tachi waza<br>katate ryote dori<br>irimi nage	<a href="https://www.youtube.com/watch/?v=A8Os4buJOkQ&t=210">Bodo Rödel Sensei</a><br><br><a href="https://www.youtube.com/watch/?v=uUjkWiaf3BI&t=706">Christian Tissier Sensei</a><br><a href="https://www.youtube.com/watch/?v=pR8oaFCPXXI&t=0">François Pichereau Sensei</a><br><a href="https://www.youtube.com/watch/?v=bi8t_-kLil8&t=1767">Karl Ruben Sensei</a><br>
2. Kyu<br><br>tachi waza<br>katate ryote dori<br>kokyo nage	<a href="https://www.youtube.com/watch/?v=A8Os4buJOkQ&t=220">Bodo Rödel Sensei</a><br><br><a href="https://www.youtube.com/watch/?v=KfM3kIRfNkY&t=0">François Pichereau Sensei</a><br><a href="https://www.youtube.com/watch/?v=u8WD-0W-pP4&t=852">Karl Ruben Sensei</a><br>
2. Kyu<br><br>tachi waza<br>kata dori men uchi<br>ikkyo	<a href="https://www.youtube.com/watch/?v=A8Os4buJOkQ&t=225">Bodo Rödel Sensei</a><br><br><a href="https://www.youtube.com/watch/?v=uUjkWiaf3BI&t=6">Christian Tissier Sensei</a><br><a href="https://www.youtube.com/watch/?v=umE7GipKWU8&t=0">François Pichereau Sensei</a><br><a href="https://www.youtube.com/watch/?v=bi8t_-kLil8&t=1085">Karl Ruben Sensei</a><br>
2. Kyu<br><br>tachi waza<br>kata dori men uchi<br>nikyo	<a href="https://www.youtube.com/watch/?v=A8Os4buJOkQ&t=251">Bodo Rödel Sensei</a><br><br><a href="https://www.youtube.com/watch/?v=uUjkWiaf3BI&t=141">Christian Tissier Sensei</a><br><a href="https://www.youtube.com/watch/?v=bwAnDWppCXk&t=0">François Pichereau Sensei</a><br><a href="https://www.youtube.com/watch/?v=bi8t_-kLil8&t=1156">Karl Ruben Sensei</a><br>
2. Kyu<br><br>tachi waza<br>kata dori men uchi<br>sankyo	<a href="https://www.youtube.com/watch/?v=A8Os4buJOkQ&t=278">Bodo Rödel Sensei</a><br><br><a href="https://www.youtube.com/watch/?v=uUjkWiaf3BI&t=412">Christian Tissier Sensei</a><br><a href="https://www.youtube.com/watch/?v=fvyCy-IT_zc&t=0">François Pichereau Sensei</a><br><a href="https://www.youtube.com/watch/?v=bi8t_-kLil8&t=1239">Karl Ruben Sensei</a><br>
2. Kyu<br><br>tachi waza<br>kata dori men uchi<br>yonkyo	<a href="https://www.youtube.com/watch/?v=A8Os4buJOkQ&t=310">Bodo Rödel Sensei</a><br><br><a href="https://www.youtube.com/watch/?v=xyJo1dBKlwY&t=0">François Pichereau Sensei</a><br><a href="https://www.youtube.com/watch/?v=bi8t_-kLil8&t=1328">Karl Ruben Sensei</a><br>
2. Kyu<br><br>tachi waza<br>kata dori men uchi<br>kote gaeshi	<a href="https://www.youtube.com/watch/?v=A8Os4buJOkQ&t=343">Bodo Rödel Sensei</a><br><br><a href="https://www.youtube.com/watch/?v=uUjkWiaf3BI&t=621">Christian Tissier Sensei</a><br><a href="https://www.youtube.com/watch/?v=GEbtVST4urE&t=0">François Pichereau Sensei</a><br><a href="https://www.youtube.com/watch/?v=bi8t_-kLil8&t=1404">Karl Ruben Sensei</a><br>
2. Kyu<br><br>tachi waza<br>kata dori men uchi<br>shiho nage	<a href="https://www.youtube.com/watch/?v=A8Os4buJOkQ&t=335">Bodo Rödel Sensei</a><br><br><a href="https://www.youtube.com/watch/?v=uUjkWiaf3BI&t=648">Christian Tissier Sensei</a><br><a href="https://www.youtube.com/watch/?v=-MJhSxH76V4&t=0">François Pichereau Sensei</a><br><a href="https://www.youtube.com/watch/?v=u8WD-0W-pP4&t=777">Karl Ruben Sensei</a><br>
2. Kyu<br><br>tachi waza<br>kata dori men uchi<br>irimi nage	<a href="https://www.youtube.com/watch/?v=A8Os4buJOkQ&t=356">Bodo Rödel Sensei</a><br><br><a href="https://www.youtube.com/watch/?v=uUjkWiaf3BI&t=792">Christian Tissier Sensei</a><br><a href="https://www.youtube.com/watch/?v=-8Fikgbdnxc&t=0">François Pichereau Sensei</a><br><a href="https://www.youtube.com/watch/?v=u8WD-0W-pP4&t=799">Karl Ruben Sensei</a><br>
2. Kyu<br><br>tachi waza<br>kata dori men uchi<br>kokyu nage	<a href="https://www.youtube.com/watch/?v=A8Os4buJOkQ&t=365">Bodo Rödel Sensei</a><br><br><a href="https://www.youtube.com/watch/?v=V1ZTDYl1fgI&t=0">François Pichereau Sensei</a><br><a href="https://www.youtube.com/watch/?v=bi8t_-kLil8&t=1064">Karl Ruben Sensei</a><br>
2. Kyu<br><br>tachi waza<br>shomen uchi<br>yonkyo	<a href="https://www.youtube.com/watch/?v=A8Os4buJOkQ&t=370">Bodo Rödel Sensei</a><br><br><a href="https://www.youtube.com/watch/?v=qbRbx-ntIC0&t=648">Christian Tissier Sensei</a><br><a href="https://www.youtube.com/watch/?v=hh45k7dKPtw&t=0">François Pichereau Sensei</a><br><a href="https://www.youtube.com/watch/?v=bi8t_-kLil8&t=2116">Karl Ruben Sensei</a><br>
2. Kyu<br><br>tachi waza<br>shomen uchi<br>shiho nage	<a href="https://www.youtube.com/watch/?v=A8Os4buJOkQ&t=392">Bodo Rödel Sensei</a><br><br><a href="https://www.youtube.com/watch/?v=uUjkWiaf3BI&t=680">Christian Tissier Sensei</a><br><a href="https://www.youtube.com/watch/?v=Jasm-kuWQ4A&t=0">François Pichereau Sensei</a><br>
2. Kyu<br><br>tachi waza<br>shomen uchi<br>uchi kaiten nage	<a href="https://www.youtube.com/watch/?v=A8Os4buJOkQ&t=411">Bodo Rödel Sensei</a><br><br><a href="https://www.youtube.com/watch/?v=uUjkWiaf3BI&t=840">Christian Tissier Sensei</a><br><a href="https://www.youtube.com/watch/?v=tIvmcUfdhYY&t=0">François Pichereau Sensei</a><br><a href="https://www.youtube.com/watch/?v=u8WD-0W-pP4&t=1043">Karl Ruben Sensei</a><br>
2. Kyu<br><br>tachi waza<br>shomen uchi<br>soto kaiten nage	<a href="https://www.youtube.com/watch/?v=A8Os4buJOkQ&t=403">Bodo Rödel Sensei</a><br><br><a href="https://www.youtube.com/watch/?v=uUjkWiaf3BI&t=821">Christian Tissier Sensei</a><br><a href="https://www.youtube.com/watch/?v=JQhZczX-mFU&t=0">François Pichereau Sensei</a><br>
2. Kyu<br><br>tachi waza<br>yokomen uchi<br>ikkyo	<a href="https://www.youtube.com/watch/?v=A8Os4buJOkQ&t=420">Bodo Rödel Sensei</a><br><br><a href="https://www.youtube.com/watch/?v=qbRbx-ntIC0&t=139">Christian Tissier Sensei</a><br><a href="https://www.youtube.com/watch/?v=u8WD-0W-pP4&t=0">François Pichereau Sensei</a><br><a href="https://www.youtube.com/watch/?v=_zCVwunKwxU&t=0">Karl Ruben Sensei</a><br>
2. Kyu<br><br>tachi waza<br>yokomen uchi<br>nikyo	<a href="https://www.youtube.com/watch/?v=A8Os4buJOkQ&t=443">Bodo Rödel Sensei</a><br><br><a href="https://www.youtube.com/watch/?v=qbRbx-ntIC0&t=418">Christian Tissier Sensei</a><br><a href="https://www.youtube.com/watch/?v=Sqx6kDmkq0A&t=0">François Pichereau Sensei</a><br><a href="https://www.youtube.com/watch/?v=u8WD-0W-pP4&t=1436">Karl Ruben Sensei</a><br>
2. Kyu<br><br>tachi waza<br>yokomen uchi<br>sankyo	<a href="https://www.youtube.com/watch/?v=A8Os4buJOkQ&t=470">Bodo Rödel Sensei</a><br><br><a href="https://www.youtube.com/watch/?v=qbRbx-ntIC0&t=579">Christian Tissier Sensei</a><br><a href="https://www.youtube.com/watch/?v=uiaopY89OPY&t=0">François Pichereau Sensei</a><br><a href="https://www.youtube.com/watch/?v=u8WD-0W-pP4&t=1503">Karl Ruben Sensei</a><br>
2. Kyu<br><br>tachi waza<br>yokomen uchi<br>yonkyo	<a href="https://www.youtube.com/watch/?v=A8Os4buJOkQ&t=501">Bodo Rödel Sensei</a><br><br><a href="https://www.youtube.com/watch/?v=qbRbx-ntIC0&t=703">Christian Tissier Sensei</a><br><a href="https://www.youtube.com/watch/?v=uiaopY89OPY&t=0">François Pichereau Sensei</a><br><a href="https://www.youtube.com/watch/?v=u8WD-0W-pP4&t=1577">Karl Ruben Sensei</a><br>
2. Kyu<br><br>ushiro waza<br>ushiro ryote dori<br>yonkyo	<a href="https://www.youtube.com/watch/?v=A8Os4buJOkQ&t=525">Bodo Rödel Sensei</a><br><br><a href="https://www.youtube.com/watch/?v=bi8t_-kLil8&t=2588">Karl Ruben Sensei</a><br>
2. Kyu<br><br>ushiro waza<br>ushiro ryote dori<br>shiho nage	<a href="https://www.youtube.com/watch/?v=A8Os4buJOkQ&t=571">Bodo Rödel Sensei</a><br><br><a href="https://www.youtube.com/watch/?v=qbRbx-ntIC0&t=867">Christian Tissier Sensei</a><br><a href="https://www.youtube.com/watch/?v=MYicGt3foWA&t=0">François Pichereau Sensei</a><br><a href="https://www.youtube.com/watch/?v=u8WD-0W-pP4&t=2053">Karl Ruben Sensei</a><br>
2. Kyu<br><br>ushiro waza<br>ushiro ryote dori<br>irimi nage	<a href="https://www.youtube.com/watch/?v=A8Os4buJOkQ&t=552">Bodo Rödel Sensei</a><br><br><a href="https://www.youtube.com/watch/?v=qbRbx-ntIC0&t=893">Christian Tissier Sensei</a><br><a href="https://www.youtube.com/watch/?v=M_2nGeS5iSs&t=0">François Pichereau Sensei</a><br>
2. Kyu<br><br>ushiro waza<br>ushiro ryote dori<br>ude kime nage	<a href="https://www.youtube.com/watch/?v=A8Os4buJOkQ&t=563">Bodo Rödel Sensei</a><br><br><a href="https://www.youtube.com/watch/?v=qbRbx-ntIC0&t=1000">Christian Tissier Sensei</a><br><a href="https://www.youtube.com/watch/?v=-9BBs1F9B1o&t=0">François Pichereau Sensei</a><br><a href="https://www.youtube.com/watch/?v=u8WD-0W-pP4&t=2081">Karl Ruben Sensei</a><br>
2. Kyu<br><br>ushiro waza<br>ushiro ryo kata dori<br>sokumen irimi nage	<a href="https://www.youtube.com/watch/?v=A8Os4buJOkQ&t=580">Bodo Rödel Sensei</a><br><br><a href="https://www.youtube.com/watch/?v=uUjkWiaf3BI&t=943">Christian Tissier Sensei</a><br><a href="https://www.youtube.com/watch/?v=DLRq1Y-MVrE&t=0">François Pichereau Sensei</a><br>
2. Kyu<br><br>ushiro waza<br>ushiro ryo kata dori<br>kokyu nage	<a href="https://www.youtube.com/watch/?v=A8Os4buJOkQ&t=590">Bodo Rödel Sensei</a><br><br><a href="https://www.youtube.com/watch/?v=qEHvH_B7azQ&t=0">François Pichereau Sensei</a><br>
1. Kyu<br><br>suwari waza<br>shomen uchi<br>gokyo	<a href="https://www.youtube.com/watch/?v=GC2hnFXAhOY&t=583">Bodo Rödel Sensei</a><br><br><a href="https://www.youtube.com/watch/?v=D65OSmnIo5o&t=0">François Pichereau Sensei</a><br><a href="https://www.youtube.com/watch/?v=u8WD-0W-pP4&t=227">Karl Ruben Sensei</a><br>
1. Kyu<br><br>suwari waza<br>yokomen uchi<br>gokyo	<a href="https://www.youtube.com/watch/?v=GC2hnFXAhOY&t=596">Bodo Rödel Sensei</a><br><br><a href="https://www.youtube.com/watch/?v=oFus9mb_1tM&t=0">François Pichereau Sensei</a><br>
1. Kyu<br><br>suwari waza<br>yokomen uchi<br>kote gaeshi	<a href="https://www.youtube.com/watch/?v=GC2hnFXAhOY&t=610">Bodo Rödel Sensei</a><br><br><a href="https://www.youtube.com/watch/?v=dcLYSj8E1q0&t=0">François Pichereau Sensei</a><br>
1. Kyu<br><br>hanmi handachi waza<br>gyaku hanmi katate dori<br>ikkyo	<a href="https://www.youtube.com/watch/?v=GC2hnFXAhOY&t=622">Bodo Rödel Sensei</a><br><br><a href="https://www.youtube.com/watch/?v=fIDhArw7IbA&t=0">François Pichereau Sensei</a><br><a href="https://www.youtube.com/watch/?v=bi8t_-kLil8&t=360">Karl Ruben Sensei</a><br>
1. Kyu<br><br>hanmi handachi waza<br>gyaku hanmi katate dori<br>nikyo	<a href="https://www.youtube.com/watch/?v=GC2hnFXAhOY&t=643">Bodo Rödel Sensei</a><br><br><a href="https://www.youtube.com/watch/?v=YnQHWC5DbUw&t=0">François Pichereau Sensei</a><br><a href="https://www.youtube.com/watch/?v=bi8t_-kLil8&t=422">Karl Ruben Sensei</a><br>
1. Kyu<br><br>hanmi handachi waza<br>gyaku hanmi katate dori<br>sankyo	<a href="https://www.youtube.com/watch/?v=GC2hnFXAhOY&t=667">Bodo Rödel Sensei</a><br><br><a href="https://www.youtube.com/watch/?v=bi8t_-kLil8&t=492">Karl Ruben Sensei</a><br>
1. Kyu<br><br>hanmi handachi waza<br>gyaku hanmi katate dori<br>yonkyo	<a href="https://www.youtube.com/watch/?v=GC2hnFXAhOY&t=695">Bodo Rödel Sensei</a><br><br><a href="https://www.youtube.com/watch/?v=bi8t_-kLil8&t=572">Karl Ruben Sensei</a><br>
1. Kyu<br><br>hanmi handachi waza<br>shomen uchi<br>ikkyo	<a href="https://www.youtube.com/watch/?v=GC2hnFXAhOY&t=717">Bodo Rödel Sensei</a><br><br><a href="https://www.youtube.com/watch/?v=uBhd-RhZ66Y&t=0">François Pichereau Sensei</a><br><a href="https://www.youtube.com/watch/?v=u8WD-0W-pP4&t=310">Karl Ruben Sensei</a><br>
1. Kyu<br><br>hanmi handachi waza<br>shomen uchi<br>nikyo	<a href="https://www.youtube.com/watch/?v=GC2hnFXAhOY&t=735">Bodo Rödel Sensei</a><br><br><a href="https://www.youtube.com/watch/?v=J8MpnscyjtA&t=0">François Pichereau Sensei</a><br><a href="https://www.youtube.com/watch/?v=u8WD-0W-pP4&t=409">Karl Ruben Sensei</a><br>
1. Kyu<br><br>hanmi handachi waza<br>shomen uchi<br>sankyo	<a href="https://www.youtube.com/watch/?v=GC2hnFXAhOY&t=755">Bodo Rödel Sensei</a><br><br><a href="https://www.youtube.com/watch/?v=bRc-UjpA0Jk&t=0">François Pichereau Sensei</a><br><a href="https://www.youtube.com/watch/?v=u8WD-0W-pP4&t=463">Karl Ruben Sensei</a><br>
1. Kyu<br><br>hanmi handachi waza<br>shomen uchi<br>yonkyo	<a href="https://www.youtube.com/watch/?v=GC2hnFXAhOY&t=777">Bodo Rödel Sensei</a><br><br><a href="https://www.youtube.com/watch/?v=u8WD-0W-pP4&t=527">Karl Ruben Sensei</a><br>
1. Kyu<br><br>hanmi handachi waza<br>shomen uchi<br>kote gaeshi	<a href="https://www.youtube.com/watch/?v=GC2hnFXAhOY&t=803">Bodo Rödel Sensei</a><br><br><a href="https://www.youtube.com/watch/?v=hTZbsGDiVJ4&t=0">François Pichereau Sensei</a><br><a href="https://www.youtube.com/watch/?v=u8WD-0W-pP4&t=594">Karl Ruben Sensei</a><br>
1. Kyu<br><br>hanmi handachi waza<br>shomen uchi<br>irimi nage	<a href="https://www.youtube.com/watch/?v=GC2hnFXAhOY&t=795">Bodo Rödel Sensei</a><br><br><a href="https://www.youtube.com/watch/?v=qbRbx-ntIC0&t=1268">Christian Tissier Sensei</a><br><a href="https://www.youtube.com/watch/?v=_tfD4mmaqJ8&t=0">François Pichereau Sensei</a><br><a href="https://www.youtube.com/watch/?v=u8WD-0W-pP4&t=572">Karl Ruben Sensei</a><br>
1. Kyu<br><br>hanmi handachi waza<br>ushiro ryo kata dori<br>ikkyo	<a href="https://www.youtube.com/watch/?v=GC2hnFXAhOY&t=815">Bodo Rödel Sensei</a><br><br><a href="https://www.youtube.com/watch/?v=uUjkWiaf3BI&t=76">Christian Tissier Sensei</a><br><a href="https://www.youtube.com/watch/?v=hS79SMa5fFE&t=0">François Pichereau Sensei</a><br>
1. Kyu<br><br>hanmi handachi waza<br>ushiro ryo kata dori<br>nikyo	<a href="https://www.youtube.com/watch/?v=GC2hnFXAhOY&t=828">Bodo Rödel Sensei</a><br><br><a href="https://www.youtube.com/watch/?v=P_cY-zn_AuY&t=0">François Pichereau Sensei</a><br>
1. Kyu<br><br>hanmi handachi waza<br>ushiro ryo kata dori<br>sankyo	<a href="https://www.youtube.com/watch/?v=GC2hnFXAhOY&t=842">Bodo Rödel Sensei</a><br><br><a href="https://www.youtube.com/watch/?v=HdsX2oizp14&t=0">François Pichereau Sensei</a><br>
1. Kyu<br><br>hanmi handachi waza<br>ushiro ryo kata dori<br>yonkyo	<a href="https://www.youtube.com/watch/?v=GC2hnFXAhOY&t=853">Bodo Rödel Sensei</a><br><br>
1. Kyu<br><br>hanmi handachi waza<br>ushiro ryo kata dori<br>kokyo nage	<a href="https://www.youtube.com/watch/?v=GC2hnFXAhOY&t=863">Bodo Rödel Sensei</a><br><br><a href="https://www.youtube.com/watch/?v=pLs0ndYRDvY&t=0">François Pichereau Sensei</a><br>
1. Kyu<br><br>tachi waza<br>gyaku hanmi katate dori<br>sumi otoshi	<a href="https://www.youtube.com/watch/?v=GC2hnFXAhOY&t=0">Bodo Rödel Sensei</a><br><br><a href="https://www.youtube.com/watch/?v=uUjkWiaf3BI&t=879">Christian Tissier Sensei</a><br><a href="https://www.youtube.com/watch/?v=ByXUMTLfskA&t=0">François Pichereau Sensei</a><br><a href="https://www.youtube.com/watch/?v=u8WD-0W-pP4&t=694">Karl Ruben Sensei</a><br>
1. Kyu<br><br>tachi waza<br>katate ryote dori<br>juji garami	<a href="https://www.youtube.com/watch/?v=GC2hnFXAhOY&t=18">Bodo Rödel Sensei</a><br><br><a href="https://www.youtube.com/watch/?v=x6yuTjlemVs&t=342">Christian Tissier Sensei</a><br><a href="https://www.youtube.com/watch/?v=zG51CPcfiRQ&t=0">François Pichereau Sensei</a><br><a href="https://www.youtube.com/watch/?v=bi8t_-kLil8&t=1831">Karl Ruben Sensei</a><br>
1. Kyu<br><br>tachi waza<br>mae ryo kata dori<br>kokyu nage	<a href="https://www.youtube.com/watch/?v=GC2hnFXAhOY&t=6">Bodo Rödel Sensei</a><br><br><a href="https://www.youtube.com/watch/?v=tyVhsUDQRxs&t=0">François Pichereau Sensei</a><br>
1. Kyu<br><br>tachi waza<br>muna dori<br>shiho nage	<a href="https://www.youtube.com/watch/?v=GC2hnFXAhOY&t=11">Bodo Rödel Sensei</a><br><br><a href="https://www.youtube.com/watch/?v=x6yuTjlemVs&t=243">Christian Tissier Sensei</a><br><a href="https://www.youtube.com/watch/?v=RZnxmCDsKTk&t=0">François Pichereau Sensei</a><br><a href="https://www.youtube.com/watch/?v=bi8t_-kLil8&t=1899">Karl Ruben Sensei</a><br>
1. Kyu<br><br>tachi waza<br>shomen uchi<br>gokyo	<a href="https://www.youtube.com/watch/?v=GC2hnFXAhOY&t=27">Bodo Rödel Sensei</a><br><br><a href="https://www.youtube.com/watch/?v=x6yuTjlemVs&t=173">Christian Tissier Sensei</a><br><a href="https://www.youtube.com/watch/?v=nR0irbbgHyw&t=0">François Pichereau Sensei</a><br><a href="https://www.youtube.com/watch/?v=u8WD-0W-pP4&t=917">Karl Ruben Sensei</a><br>
1. Kyu<br><br>tachi waza<br>shomen uchi<br>koshi nage	<a href="https://www.youtube.com/watch/?v=GC2hnFXAhOY&t=44">Bodo Rödel Sensei</a><br><br><a href="https://www.youtube.com/watch/?v=Dmnxxf49cgE&t=0">François Pichereau Sensei</a><br>
1. Kyu<br><br>tachi waza<br>shomen uchi<br>kokyo nage	<a href="https://www.youtube.com/watch/?v=GC2hnFXAhOY&t=39">Bodo Rödel Sensei</a><br><br><a href="https://www.youtube.com/watch/?v=PL2EOtLgqe0&t=0">François Pichereau Sensei</a><br><a href="https://www.youtube.com/watch/?v=u8WD-0W-pP4&t=939">Karl Ruben Sensei</a><br>
1. Kyu<br><br>tachi waza<br>yokomen uchi<br>gokyo	<a href="https://www.youtube.com/watch/?v=GC2hnFXAhOY&t=54">Bodo Rödel Sensei</a><br><br><a href="https://www.youtube.com/watch/?v=uUjkWiaf3BI&t=575">Christian Tissier Sensei</a><br><a href="https://www.youtube.com/watch/?v=lwK2P2Qb0m4&t=0">François Pichereau Sensei</a><br><a href="https://www.youtube.com/watch/?v=u8WD-0W-pP4&t=1635">Karl Ruben Sensei</a><br>
1. Kyu<br><br>tachi waza<br>yokomen uchi<br>koshi nage	<a href="https://www.youtube.com/watch/?v=GC2hnFXAhOY&t=71">Bodo Rödel Sensei</a><br><br><a href="https://www.youtube.com/watch/?v=HElGR2k5uxI&t=0">François Pichereau Sensei</a><br>
1. Kyu<br><br>tachi waza<br>yokomen uchi<br>kokyu nage	<a href="https://www.youtube.com/watch/?v=GC2hnFXAhOY&t=67">Bodo Rödel Sensei</a><br><br><a href="https://www.youtube.com/watch/?v=LhWuYF16CIk&t=0">François Pichereau Sensei</a><br><a href="https://www.youtube.com/watch/?v=u8WD-0W-pP4&t=1660">Karl Ruben Sensei</a><br>
1. Kyu<br><br>tachi waza<br>chudan tsuki<br>ikkyo	<a href="https://www.youtube.com/watch/?v=GC2hnFXAhOY&t=203">Bodo Rödel Sensei</a><br><br><a href="https://www.youtube.com/watch/?v=x6yuTjlemVs&t=64">Christian Tissier Sensei</a><br><a href="https://www.youtube.com/watch/?v=IvjkTl_Iy48&t=0">François Pichereau Sensei</a><br><a href="https://www.youtube.com/watch/?v=u8WD-0W-pP4&t=1757">Karl Ruben Sensei</a><br>
1. Kyu<br><br>tachi waza<br>chudan tsuki<br>nikyo	<a href="https://www.youtube.com/watch/?v=GC2hnFXAhOY&t=223">Bodo Rödel Sensei</a><br><br><a href="https://www.youtube.com/watch/?v=NbNbueFTsw4&t=0">François Pichereau Sensei</a><br><a href="https://www.youtube.com/watch/?v=u8WD-0W-pP4&t=1814">Karl Ruben Sensei</a><br>
1. Kyu<br><br>tachi waza<br>chudan tsuki<br>sankyo	<a href="https://www.youtube.com/watch/?v=GC2hnFXAhOY&t=246">Bodo Rödel Sensei</a><br><br><a href="https://www.youtube.com/watch/?v=x6yuTjlemVs&t=120">Christian Tissier Sensei</a><br><a href="https://www.youtube.com/watch/?v=44lXrmJg_E4&t=0">François Pichereau Sensei</a><br><a href="https://www.youtube.com/watch/?v=u8WD-0W-pP4&t=1872">Karl Ruben Sensei</a><br>
1. Kyu<br><br>tachi waza<br>chudan tsuki<br>yonkyo	<a href="https://www.youtube.com/watch/?v=GC2hnFXAhOY&t=270">Bodo Rödel Sensei</a><br><br><a href="https://www.youtube.com/watch/?v=RERG4qHP5x8&t=0">François Pichereau Sensei</a><br><a href="https://www.youtube.com/watch/?v=u8WD-0W-pP4&t=1940">Karl Ruben Sensei</a><br>
1. Kyu<br><br>tachi waza<br>chudan tsuki<br>kote gaeshi	<a href="https://www.youtube.com/watch/?v=GC2hnFXAhOY&t=298">Bodo Rödel Sensei</a><br><br><a href="https://www.youtube.com/watch/?v=x6yuTjlemVs&t=193">Christian Tissier Sensei</a><br><a href="https://www.youtube.com/watch/?v=9B0FDMGLeiE&t=0">François Pichereau Sensei</a><br><a href="https://www.youtube.com/watch/?v=u8WD-0W-pP4&t=2017">Karl Ruben Sensei</a><br>
1. Kyu<br><br>tachi waza<br>chudan tsuki<br>irmi nage	<a href="https://www.youtube.com/watch/?v=GC2hnFXAhOY&t=290">Bodo Rödel Sensei</a><br><br><a href="https://www.youtube.com/watch/?v=uUjkWiaf3BI&t=758">Christian Tissier Sensei</a><br><a href="https://www.youtube.com/watch/?v=MErUNbthdHY&t=0">François Pichereau Sensei</a><br><a href="https://www.youtube.com/watch/?v=u8WD-0W-pP4&t=1998">Karl Ruben Sensei</a><br>
1. Kyu<br><br>tachi waza<br>chudan tsuki<br>uchi kaiten nage	<a href="https://www.youtube.com/watch/?v=GC2hnFXAhOY&t=316">Bodo Rödel Sensei</a><br><br><a href="https://www.youtube.com/watch/?v=vBahWH3pqTo&t=0">François Pichereau Sensei</a><br>
1. Kyu<br><br>tachi waza<br>chudan tsuki<br>soto kaiten nage	<a href="https://www.youtube.com/watch/?v=GC2hnFXAhOY&t=310">Bodo Rödel Sensei</a><br><br><a href="https://www.youtube.com/watch/?v=cWTrTEv0FgQ&t=0">François Pichereau Sensei</a><br>
1. Kyu<br><br>tachi waza<br>jodan tsuki<br>ikkyo	<a href="https://www.youtube.com/watch/?v=GC2hnFXAhOY&t=79">Bodo Rödel Sensei</a><br><br><a href="https://www.youtube.com/watch/?v=x6yuTjlemVs&t=47">Christian Tissier Sensei</a><br><a href="https://www.youtube.com/watch/?v=icXLgsg5row&t=0">François Pichereau Sensei</a><br><a href="https://www.youtube.com/watch/?v=u8WD-0W-pP4&t=1118">Karl Ruben Sensei</a><br>
1. Kyu<br><br>tachi waza<br>jodan tsuki<br>nikyo	<a href="https://www.youtube.com/watch/?v=GC2hnFXAhOY&t=98">Bodo Rödel Sensei</a><br><br><a href="https://www.youtube.com/watch/?v=YQv4dbSnSYI&t=0">François Pichereau Sensei</a><br><a href="https://www.youtube.com/watch/?v=u8WD-0W-pP4&t=1192">Karl Ruben Sensei</a><br>
1. Kyu<br><br>tachi waza<br>jodan tsuki<br>sankyo	<a href="https://www.youtube.com/watch/?v=GC2hnFXAhOY&t=123">Bodo Rödel Sensei</a><br><br><a href="https://www.youtube.com/watch/?v=FqGzgmjccac&t=0">François Pichereau Sensei</a><br><a href="https://www.youtube.com/watch/?v=u8WD-0W-pP4&t=1221">Karl Ruben Sensei</a><br>
1. Kyu<br><br>tachi waza<br>jodan tsuki<br>yonkyo	<a href="https://www.youtube.com/watch/?v=GC2hnFXAhOY&t=147">Bodo Rödel Sensei</a><br><br><a href="https://www.youtube.com/watch/?v=gYgHsv3jCQM&t=0">François Pichereau Sensei</a><br><a href="https://www.youtube.com/watch/?v=u8WD-0W-pP4&t=1290">Karl Ruben Sensei</a><br>
1. Kyu<br><br>tachi waza<br>jodan tsuki<br>hiji kime osae	<a href="https://www.youtube.com/watch/?v=GC2hnFXAhOY&t=183">Bodo Rödel Sensei</a><br><br><a href="https://www.youtube.com/watch/?v=uUjkWiaf3BI&t=864">Christian Tissier Sensei</a><br><a href="https://www.youtube.com/watch/?v=D9ZAEbZCdCE&t=0">François Pichereau Sensei</a><br>
1. Kyu<br><br>tachi waza<br>jodan tsuki<br>shiho nage	<a href="https://www.youtube.com/watch/?v=GC2hnFXAhOY&t=167">Bodo Rödel Sensei</a><br><br><a href="https://www.youtube.com/watch/?v=x6yuTjlemVs&t=243">Christian Tissier Sensei</a><br><a href="https://www.youtube.com/watch/?v=B_2KDjB8O44&t=0">François Pichereau Sensei</a><br>
1. Kyu<br><br>tachi waza<br>jodan tsuki<br>irimi nage	<a href="https://www.youtube.com/watch/?v=GC2hnFXAhOY&t=175">Bodo Rödel Sensei</a><br><br><a href="https://www.youtube.com/watch/?v=suYhRUdg3gQ&t=0">François Pichereau Sensei</a><br><a href="https://www.youtube.com/watch/?v=u8WD-0W-pP4&t=1360">Karl Ruben Sensei</a><br>
1. Kyu<br><br>ushiro waza<br>ushiro ryote dori<br>sokumen irimi nage	<a href="https://www.youtube.com/watch/?v=GC2hnFXAhOY&t=326">Bodo Rödel Sensei</a><br><br><a href="https://www.youtube.com/watch/?v=YdPfdG3z3h4&t=0">François Pichereau Sensei</a><br><a href="https://www.youtube.com/watch/?v=u8WD-0W-pP4&t=2156">Karl Ruben Sensei</a><br>
1. Kyu<br><br>ushiro waza<br>ushiro ryote dori<br>koshi nage	<a href="https://www.youtube.com/watch/?v=GC2hnFXAhOY&t=340">Bodo Rödel Sensei</a><br><br><a href="https://www.youtube.com/watch/?v=Hrx8EYUgV7w&t=0">François Pichereau Sensei</a><br><a href="https://www.youtube.com/watch/?v=u8WD-0W-pP4&t=2134">Karl Ruben Sensei</a><br>
1. Kyu<br><br>ushiro waza<br>ushiro ryote dori<br>juji garami	<a href="https://www.youtube.com/watch/?v=GC2hnFXAhOY&t=334">Bodo Rödel Sensei</a><br><br><a href="https://www.youtube.com/watch/?v=NZaHRJ0ij4E&t=0">François Pichereau Sensei</a><br><a href="https://www.youtube.com/watch/?v=u8WD-0W-pP4&t=2109">Karl Ruben Sensei</a><br>
1. Kyu<br><br>ushiro waza<br>ushiro ryo hiji dori<br>ikkyo	<a href="https://www.youtube.com/watch/?v=GC2hnFXAhOY&t=458">Bodo Rödel Sensei</a><br><br><a href="https://www.youtube.com/watch/?v=hT8DVcJCeGM&t=0">François Pichereau Sensei</a><br>
1. Kyu<br><br>ushiro waza<br>ushiro ryo hiji dori<br>kokyu nage	<a href="https://www.youtube.com/watch/?v=GC2hnFXAhOY&t=481">Bodo Rödel Sensei</a><br><br><a href="https://www.youtube.com/watch/?v=IOS2lCYihqY&t=0">François Pichereau Sensei</a><br>
1. Kyu<br><br>ushiro waza<br>ushiro ryo kata<br>ikkyo	<a href="https://www.youtube.com/watch/?v=GC2hnFXAhOY&t=351">Bodo Rödel Sensei</a><br><br><a href="https://www.youtube.com/watch/?v=uUjkWiaf3BI&t=76">Christian Tissier Sensei</a><br><a href="https://www.youtube.com/watch/?v=1AxrrJbjWYA&t=0">François Pichereau Sensei</a><br>
1. Kyu<br><br>ushiro waza<br>ushiro ryo kata<br>nikyo	<a href="https://www.youtube.com/watch/?v=GC2hnFXAhOY&t=377">Bodo Rödel Sensei</a><br><br><a href="https://www.youtube.com/watch/?v=uUjkWiaf3BI&t=205">Christian Tissier Sensei</a><br><a href="https://www.youtube.com/watch/?v=ra5PXm-Y9fk&t=0">François Pichereau Sensei</a><br>
1. Kyu<br><br>ushiro waza<br>ushiro ryo kata<br>sankyo	<a href="https://www.youtube.com/watch/?v=GC2hnFXAhOY&t=402">Bodo Rödel Sensei</a><br><br><a href="https://www.youtube.com/watch/?v=uUjkWiaf3BI&t=499">Christian Tissier Sensei</a><br><a href="https://www.youtube.com/watch/?v=aRVemLiiwkc&t=0">François Pichereau Sensei</a><br>
1. Kyu<br><br>ushiro waza<br>ushiro ryo kata<br>yonkyo	<a href="https://www.youtube.com/watch/?v=GC2hnFXAhOY&t=427">Bodo Rödel Sensei</a><br><br>
1. Kyu<br><br>ushiro waza<br>ushiro ryo kata dori<br>aiki otoshi	<a href="https://www.youtube.com/watch/?v=GC2hnFXAhOY&t=448">Bodo Rödel Sensei</a><br><br><a href="https://www.youtube.com/watch/?v=uUjkWiaf3BI&t=898">Christian Tissier Sensei</a><br><a href="https://www.youtube.com/watch/?v=kzIE0gJdPiU&t=0">François Pichereau Sensei</a><br>
1. Kyu<br><br>ushiro waza<br>ushiro eri dori<br>ikkyo	<a href="https://www.youtube.com/watch/?v=GC2hnFXAhOY&t=487">Bodo Rödel Sensei</a><br><br><a href="https://www.youtube.com/watch/?v=BLiJ7bLLqFk&t=0">François Pichereau Sensei</a><br>
1. Kyu<br><br>ushiro waza<br>ushiro eri dori<br>kote gaeshi	<a href="https://www.youtube.com/watch/?v=GC2hnFXAhOY&t=502">Bodo Rödel Sensei</a><br><br><a href="https://www.youtube.com/watch/?v=x6yuTjlemVs&t=212">Christian Tissier Sensei</a><br><a href="https://www.youtube.com/watch/?v=gp3ZwrZ-q_g&t=0">François Pichereau Sensei</a><br>
1. Kyu<br><br>ushiro waza<br>ushiro eri dori<br>shiho nage	<a href="https://www.youtube.com/watch/?v=GC2hnFXAhOY&t=513">Bodo Rödel Sensei</a><br><br><a href="https://www.youtube.com/watch/?v=x6yuTjlemVs&t=289">Christian Tissier Sensei</a><br><a href="https://www.youtube.com/watch/?v=UMYOuNIubKM&t=0">François Pichereau Sensei</a><br>
1. Kyu<br><br>ushiro waza<br>ushiro katate dori kubi shime<br>ikkyo	<a href="https://www.youtube.com/watch/?v=GC2hnFXAhOY&t=528">Bodo Rödel Sensei</a><br><br><a href="https://www.youtube.com/watch/?v=tx7XCx60Cj0&t=0">François Pichereau Sensei</a><br>
1. Kyu<br><br>ushiro waza<br>ushiro katate dori kubi shime<br>kote gaeshi	<a href="https://www.youtube.com/watch/?v=GC2hnFXAhOY&t=552">Bodo Rödel Sensei</a><br><br><a href="https://www.youtube.com/watch/?v=gp3ZwrZ-q_g&t=0">François Pichereau Sensei</a><br>
1. Kyu<br><br>ushiro waza<br>ushiro katate dori kubi shime<br>shiho nage	<a href="https://www.youtube.com/watch/?v=GC2hnFXAhOY&t=566">Bodo Rödel Sensei</a><br><br><a href="https://www.youtube.com/watch/?v=x6yuTjlemVs&t=315">Christian Tissier Sensei</a><br><a href="https://www.youtube.com/watch/?v=HiLBy7oPDIc&t=0">François Pichereau Sensei</a><br>
